loc,noa,nom,totalLOCOfInnerClasses,numberOfAnnotatedMethodOverrides,classInheritsFromAndroidClass,decor,jdeodorant,jspirit,oracle_smelly
5,0,1,0,1,false,false,false,false,false
22,3,5,0,1,false,false,false,false,false
3,0,1,0,0,false,false,false,false,false
18,0,4,0,2,false,false,false,false,false
118,13,22,0,1,false,false,false,false,false
29,2,6,0,5,true,false,false,false,false
59,5,11,0,1,false,false,false,false,false
31,4,2,0,1,true,false,false,false,false
248,14,11,23,1,false,false,true,false,false
4,2,0,0,0,false,false,false,false,false
19,0,2,0,1,true,false,false,false,false
23,2,5,0,0,false,false,true,false,false
106,2,3,0,0,false,false,false,false,false
159,3,15,0,0,false,false,false,false,false
147,6,3,0,2,true,false,false,false,false
309,5,8,0,2,true,false,false,false,false
708,5,21,10,0,false,true,false,true,false
10,1,2,0,1,false,false,false,false,false
154,5,3,73,3,true,false,false,false,false
73,4,4,37,3,false,false,false,false,false
7,0,2,0,0,false,false,false,false,false
30,4,2,0,1,false,false,false,false,false
19,1,4,0,2,false,false,false,false,false
25,1,4,0,2,false,false,false,false,false
64,0,4,0,1,true,false,false,false,false
550,51,28,144,7,true,true,false,true,false
18,2,2,0,0,true,false,false,false,false
68,0,1,0,0,true,false,false,false,false
26,1,1,0,0,true,false,false,false,false
10,1,2,0,0,false,false,false,false,false
11,0,2,0,0,false,false,false,false,false
11,0,2,0,0,false,false,false,false,false
57,5,7,0,1,true,false,true,false,false
31,0,4,0,0,true,false,false,false,false
21,0,5,0,2,true,false,false,false,false
14,0,3,0,2,false,false,false,false,false
149,8,18,7,0,true,false,false,false,false
7,0,1,0,0,false,false,false,false,false
39,4,4,0,0,true,false,false,false,false
14,0,1,0,0,true,false,false,false,false
71,8,6,0,2,false,false,true,false,false
79,4,9,0,4,true,false,false,false,false
8,0,1,0,0,true,false,false,false,false
41,0,5,0,1,true,false,false,false,false
71,5,8,0,2,true,false,true,false,false
55,1,3,0,1,true,false,false,false,false
129,13,8,0,2,true,false,false,false,false
14,9,0,0,0,false,false,false,false,false
94,6,8,0,2,true,false,false,false,false
31,2,8,0,0,false,false,false,false,false
40,3,8,0,0,false,false,false,false,false
107,12,8,0,2,true,false,false,false,false
46,5,11,0,0,false,false,false,false,false
72,17,4,0,3,false,false,false,false,false
389,12,27,0,10,false,false,false,false,false
445,45,32,0,10,false,false,false,false,true
87,3,4,0,3,false,false,false,false,false
251,16,13,18,6,true,false,false,false,false
18,0,4,0,2,false,false,false,false,false
94,9,8,0,6,false,false,false,false,false
183,11,3,141,3,false,false,false,false,false
141,0,9,0,5,true,false,false,false,false
41,7,3,0,3,false,false,false,false,false
243,18,11,0,4,false,false,false,false,false
1312,49,55,59,11,true,true,true,true,true
59,0,2,0,1,true,false,false,false,false
181,17,5,0,2,true,false,false,false,false
111,3,3,48,3,true,false,false,false,false
48,4,6,0,2,true,false,false,false,false
249,7,13,36,2,true,false,false,false,false
36,6,4,0,0,false,false,false,false,false
31,6,2,0,2,true,false,false,false,false
9,0,1,0,1,true,false,false,false,false
20,1,2,0,1,true,false,false,false,false
215,5,15,0,0,false,false,false,false,false
34,4,6,0,4,true,false,false,false,false
68,8,10,0,0,false,false,false,false,false
56,13,7,0,0,false,false,false,false,false
27,0,6,0,3,true,false,false,false,false
12,0,1,0,1,false,false,false,false,false
28,0,1,0,0,false,false,false,false,false
161,3,4,129,0,false,false,false,false,false
16,0,3,0,1,true,false,false,false,false
16,0,3,0,1,true,false,false,false,false
77,2,20,0,19,true,false,false,false,false
20,2,5,0,4,false,false,false,false,false
88,2,10,0,0,false,false,false,false,false
224,7,39,0,0,false,false,true,false,false
40,3,9,0,2,false,false,false,false,false
532,8,25,0,1,false,true,true,true,true
11,0,3,0,3,false,false,false,false,false
7,0,1,0,0,false,false,false,false,false
81,1,6,0,0,false,false,false,false,false
168,8,8,18,0,false,false,true,false,false
18,1,2,0,0,false,false,false,false,false
69,1,2,0,0,false,false,false,false,false
41,2,4,16,3,false,false,false,false,false
16,1,4,0,3,false,false,false,false,false
29,0,2,0,0,false,false,false,false,false
135,4,13,0,0,false,false,false,false,false
27,2,2,0,0,false,false,false,false,false
104,9,5,0,0,false,false,true,false,false
94,8,22,0,4,false,false,false,false,false
131,8,13,0,2,true,false,true,false,false
37,0,1,0,0,false,false,false,false,false
126,4,11,0,0,false,false,true,false,false
73,7,14,0,0,false,false,true,false,false
520,8,5,411,0,false,false,true,false,false
41,4,3,0,0,false,false,false,false,false
370,2,12,0,0,false,false,false,false,false
95,6,6,0,1,false,false,false,false,false
26,3,5,0,4,false,false,false,false,false
9,0,4,0,0,false,false,false,false,false
38,2,5,0,3,false,false,false,false,false
20,0,3,0,0,false,false,false,false,false
171,1,4,0,0,false,false,false,false,false
520,8,5,411,0,false,false,true,false,false
41,4,3,0,0,false,false,false,false,false
370,2,12,0,0,false,false,false,false,false
68,6,12,0,0,false,false,false,false,false
88,7,5,0,1,false,false,false,false,false
544,9,16,160,0,false,true,false,false,false
160,1,6,0,0,false,false,false,false,false
247,5,7,23,0,false,false,true,false,false
23,1,4,0,3,false,false,false,false,false
69,3,4,0,1,false,false,false,false,false
678,9,38,0,0,false,true,true,true,true
83,7,4,0,2,true,false,false,false,false
48,4,4,23,2,false,false,false,false,false
23,3,2,0,0,false,false,false,false,false
459,9,7,0,0,false,false,false,false,false
97,6,21,0,5,false,false,false,false,false
866,0,25,213,0,false,true,false,true,false
213,7,8,0,0,false,false,true,false,false
969,2,48,0,0,false,true,false,false,true
258,1,14,0,0,false,false,false,true,false
206,2,9,0,0,false,false,false,false,false
5,0,0,0,0,false,false,false,false,false
18,1,4,0,0,false,false,false,false,false
18,1,4,0,0,false,false,false,false,false
5,0,0,0,0,false,false,false,false,false
94,6,4,63,2,false,false,false,false,false
63,4,2,0,0,false,false,false,false,false
209,6,8,7,0,true,false,false,false,false
7,5,0,0,0,false,false,false,false,false
733,16,22,37,11,false,true,false,false,false
30,12,1,0,0,false,false,false,false,false
7,1,1,0,0,false,false,false,false,false
154,9,6,0,1,true,false,true,false,false
426,14,23,29,11,false,false,false,true,false
22,8,1,0,0,false,false,false,false,false
7,1,1,0,0,false,false,false,false,false
43,1,10,0,2,false,false,false,false,false
30,2,6,0,3,false,false,false,false,false
128,9,7,0,5,false,false,false,false,false
206,26,5,0,3,false,false,false,false,false
593,23,22,0,11,false,true,false,true,true
143,4,6,0,3,false,false,false,true,false
131,9,9,0,5,false,false,false,false,false
70,2,4,11,3,true,false,false,false,false
11,0,1,0,1,false,false,false,false,false
100,5,6,0,2,true,false,false,false,false
76,6,6,0,3,true,false,false,false,false
50,4,5,0,2,true,false,false,false,false
61,9,4,0,3,true,false,false,false,false
113,2,4,11,3,true,false,false,false,false
11,0,1,0,1,false,false,false,false,false
88,5,8,0,6,false,false,false,false,false
365,7,16,0,4,true,false,false,false,false
108,7,8,0,5,true,false,false,false,false
273,15,11,72,3,true,false,false,false,false
72,5,8,0,0,false,false,true,false,false
129,5,3,0,2,true,false,false,false,false
408,18,13,200,4,true,false,false,false,false
195,5,3,113,1,true,false,false,false,false
113,2,4,0,0,false,false,false,false,false
5,0,1,0,0,true,false,false,false,false
130,4,6,0,2,true,false,false,false,false
235,13,11,101,5,true,false,false,false,false
5,0,1,0,0,true,false,false,false,false
96,3,6,0,1,true,false,false,false,false
458,15,13,300,5,true,false,false,false,false
5,0,1,0,0,true,false,false,false,false
295,2,11,0,1,true,false,false,false,false
221,22,11,59,4,true,false,false,false,false
54,0,2,0,2,true,false,false,false,false
5,0,1,0,0,true,false,false,false,false
45,1,4,0,2,true,false,false,false,false
21,1,1,0,1,true,false,false,false,false
273,22,14,0,5,true,false,false,true,false
195,14,10,12,0,false,false,true,false,false
12,7,1,0,1,false,false,false,false,false
19,2,5,0,0,false,false,false,false,false
157,1,17,0,0,false,false,false,false,false
17,2,1,0,0,false,false,false,false,false
34,16,2,0,0,false,false,false,false,false
3,0,1,0,0,false,false,false,false,false
23,0,21,0,0,false,false,false,false,false
7,5,0,0,0,false,false,false,false,false
32,4,4,0,0,false,false,false,false,false
3,0,1,0,0,false,false,false,false,false
21,5,3,0,2,false,false,false,false,false
24,15,1,0,0,false,false,false,false,false
2,0,0,0,0,false,false,false,false,false
3,0,1,0,0,false,false,false,false,false
20,1,4,0,0,false,false,false,false,false
3,0,1,0,0,false,false,false,false,false
19,6,2,0,1,false,false,false,false,false
8,2,1,0,0,false,false,false,false,false
3,0,1,0,0,false,false,false,false,false
4,0,2,0,0,false,false,false,false,false
4,0,2,0,0,false,false,false,false,false
763,39,31,42,0,false,true,false,true,false
22,6,4,0,0,false,false,true,false,false
16,11,1,0,1,false,false,false,false,false
4,2,0,0,0,false,false,false,false,false
13,2,2,0,2,false,false,false,false,false
412,11,29,0,21,false,false,true,false,false
979,38,88,0,17,true,true,true,true,true
142,9,8,26,0,false,false,false,false,false
21,7,2,0,0,false,false,false,false,false
5,0,1,0,0,false,false,false,false,false
31,1,2,20,1,true,false,false,false,false
20,1,1,0,1,true,false,false,false,false
72,4,3,0,0,false,false,true,false,false
5,0,3,0,0,false,false,false,false,false
787,74,104,0,3,false,true,true,true,true
44,3,4,0,0,false,false,true,false,false
179,11,12,0,3,true,false,false,false,false
2,0,0,0,0,false,false,false,false,false
197,15,31,0,3,false,false,false,false,false
12,1,3,0,1,false,false,false,false,false
117,5,7,0,1,true,false,true,false,false
8,0,1,0,0,false,false,false,false,false
93,19,19,0,1,false,false,true,false,false
729,8,45,9,0,false,true,false,true,true
9,1,2,0,0,false,false,false,false,false
93,12,5,0,4,true,false,false,false,false
279,10,22,0,1,false,false,true,true,false
27,0,1,0,0,true,false,false,false,false
101,5,1,54,0,true,false,false,false,false
54,0,10,0,0,true,false,false,false,false
79,10,17,0,0,false,false,false,false,false
14,9,1,0,0,false,false,false,false,false
123,7,8,0,5,true,false,false,false,false
13,0,11,0,0,false,false,false,false,false
215,3,24,0,1,false,false,false,false,false
133,3,12,0,1,false,false,true,false,false
181,71,25,0,0,false,false,false,false,false
399,3,37,0,0,false,false,false,true,false
135,18,7,0,4,true,false,false,false,false
727,6,2,675,0,false,false,false,false,false
11,9,0,0,0,false,false,false,false,false
35,4,5,0,1,false,false,false,false,false
4,2,0,0,0,false,false,false,false,false
35,10,2,0,0,false,false,false,false,false
176,11,9,0,5,false,false,false,false,false
400,15,10,42,0,false,false,true,false,false
42,8,4,0,2,false,false,false,false,false
14,2,3,0,0,false,false,false,false,false
254,12,12,144,2,true,false,true,false,false
40,4,6,0,5,true,false,false,false,false
82,11,10,0,8,true,false,false,false,false
22,5,4,0,1,true,false,false,false,false
104,6,2,0,0,false,false,false,false,false
157,35,6,0,0,false,false,false,false,false
75,26,1,0,0,false,false,false,false,false
262,24,15,0,4,true,false,true,false,false
63,4,3,0,2,true,false,false,false,false
136,18,9,0,1,true,false,true,false,false
54,5,6,0,3,false,false,false,false,false
350,39,25,0,0,false,false,false,false,false
123,3,14,0,0,false,false,true,false,false
88,5,7,0,0,false,false,true,false,false
1142,35,75,186,0,false,true,true,true,true
33,1,3,0,0,false,false,false,false,false
35,2,3,0,0,false,false,false,false,false
96,25,10,0,1,false,false,false,false,false
22,4,3,0,0,false,false,true,false,false
106,0,19,0,5,false,false,false,true,false
58,10,4,0,2,false,false,false,false,false
35,7,4,0,3,true,false,false,false,false
1305,49,96,454,8,true,true,true,true,true
64,2,4,22,0,false,false,false,false,false
22,0,1,0,1,false,false,false,false,false
390,12,19,23,0,false,false,true,false,false
13,3,2,0,0,false,false,false,false,false
10,3,1,0,0,false,false,false,false,false
179,8,7,0,1,true,false,false,false,false
37,3,6,0,3,true,false,false,false,false
4562,141,180,1805,6,false,true,true,true,true
106,0,13,0,11,true,false,false,false,false
7,0,2,0,0,false,false,false,false,false
33,2,2,0,0,false,false,false,false,false
199,3,19,0,4,true,false,false,false,false
308,22,9,0,0,false,false,false,false,false
270,16,14,25,0,false,false,true,false,false
25,1,2,0,1,false,false,false,false,false
28,1,4,0,0,false,false,false,false,false
43,3,3,0,0,false,false,false,false,false
17,3,3,0,1,false,false,false,false,false
37,4,4,0,2,false,false,false,false,false
5,0,1,0,0,true,false,false,false,false
30,2,3,0,0,false,false,false,false,false
29,1,5,0,0,false,false,false,false,false
103,7,6,0,3,false,false,false,false,false
403,16,9,0,3,false,false,true,false,false
132,8,4,0,2,false,false,false,false,false
24,2,5,0,4,true,false,false,false,false
31,2,4,0,2,false,false,false,false,false
71,8,6,0,3,true,false,false,false,false
36,0,2,0,1,true,false,false,false,false
90,7,4,0,3,true,false,false,false,false
310,12,8,174,6,true,false,false,false,false
107,1,12,0,0,true,false,false,false,false
11,0,3,0,0,true,false,false,false,false
56,2,6,0,1,true,false,false,false,false
7,5,0,0,0,false,false,false,false,false
58,6,7,0,0,false,false,false,false,false
1379,73,22,962,5,true,true,false,true,false
90,11,11,0,0,false,false,false,false,false
57,1,5,0,0,false,false,false,false,false
14,0,2,0,0,false,false,false,false,false
55,1,7,0,0,false,false,false,false,false
9,0,2,0,0,false,false,false,false,false
9,0,1,0,0,false,false,false,false,false
9,0,1,0,0,false,false,false,false,false
58,0,4,0,0,false,false,false,false,false
24,0,3,0,0,false,false,false,false,false
16,0,3,0,0,false,false,false,false,false
27,0,5,0,0,false,false,false,false,false
65,1,4,0,0,false,false,false,false,false
8,2,1,0,0,false,false,false,false,false
33,0,3,0,0,false,false,false,false,false
182,2,19,0,0,false,false,false,false,false
11,0,1,0,0,false,false,false,false,false
8,0,1,0,0,false,false,false,false,false
7,0,1,0,0,false,false,false,false,false
94,4,7,12,0,false,false,false,false,false
12,4,1,0,0,false,false,false,false,false
47,0,4,0,0,false,false,false,false,false
70,3,4,0,1,true,false,false,false,false
69,1,3,0,0,false,false,false,false,false
232,14,13,0,1,false,false,true,false,false
93,12,5,0,2,true,false,false,false,false
65,7,3,10,1,false,false,false,false,false
10,3,1,0,0,false,false,false,false,false
27,1,3,0,0,false,false,false,false,false
127,7,6,0,0,false,false,false,false,false
179,152,5,0,0,false,false,false,false,false
620,18,21,296,0,false,true,true,false,false
22,3,5,0,1,false,false,false,false,false
38,3,5,0,1,false,false,false,false,false
70,2,10,0,0,false,false,true,false,false
51,1,9,0,0,false,false,false,false,false
6,1,1,0,0,true,false,false,false,false
109,7,9,0,6,true,false,false,false,false
523,17,24,0,7,true,true,false,false,false
74,11,8,0,4,false,false,false,false,false
69,3,3,0,0,true,false,false,false,false
42,1,13,0,0,false,false,false,false,false
44,2,13,0,10,false,false,false,false,false
320,12,6,135,4,true,false,false,false,false
4,2,0,0,0,false,false,false,false,false
75,3,4,0,0,false,false,false,false,false
56,3,9,0,6,true,false,false,false,false
199,9,6,25,0,false,false,false,false,false
25,3,4,0,3,false,false,false,false,false
1121,24,46,370,3,true,true,false,false,true
98,0,5,0,4,true,false,false,false,false
10,1,2,0,1,false,false,false,false,false
10,1,2,0,1,false,false,false,false,false
215,6,10,127,0,true,false,false,false,false
127,8,2,0,0,false,false,false,false,false
30,0,1,0,1,true,false,false,false,false
7,0,2,0,0,false,false,false,false,false
365,7,66,0,0,false,false,true,true,false
167,2,10,73,1,false,false,true,false,false
37,2,4,0,1,false,false,false,false,false
36,1,5,0,1,false,false,false,false,false
40,1,11,0,7,true,false,false,false,false
466,30,25,0,5,true,false,true,true,false
77,9,9,0,0,false,false,true,true,false
164,5,9,8,0,false,false,false,false,false
8,2,1,0,0,false,false,false,false,false
271,14,17,40,2,true,false,true,true,false
40,2,2,0,1,true,false,false,false,false
220,17,23,0,4,true,false,true,false,false
15,0,13,0,0,false,false,false,false,false
75,3,10,0,0,false,false,true,false,false
634,11,41,172,4,true,true,false,false,true
18,0,3,0,1,false,false,false,false,false
13,0,3,0,1,false,false,false,false,false
16,1,2,0,1,false,false,false,false,false
9,1,2,0,0,false,false,false,false,false
21,1,4,0,2,false,false,false,false,false
95,0,30,0,0,true,false,false,false,false
1283,21,64,156,2,false,true,true,true,true
8,0,2,0,0,false,false,false,false,false
5,0,1,0,1,false,false,false,false,false
5,0,1,0,1,false,false,false,false,false
138,3,10,0,0,false,false,false,false,false
58,8,6,0,0,false,false,true,false,false
109,4,9,0,1,false,false,false,false,false
197,7,19,0,0,false,false,false,false,false
8,0,2,0,0,false,false,false,false,false
73,3,8,8,0,false,false,false,false,false
8,2,1,0,0,false,false,false,false,false
81,6,7,0,2,false,false,false,false,false
124,4,7,0,0,false,false,false,false,false
36,21,5,0,0,false,false,false,false,false
47,2,4,0,0,true,false,false,false,false
77,5,7,0,3,true,false,false,false,false
410,25,30,0,5,true,false,true,true,false
27,1,4,0,1,true,false,false,false,false
113,16,9,0,1,true,false,true,false,false
49,4,8,0,2,true,false,false,false,false
253,25,16,11,3,true,false,true,false,false
11,9,0,0,0,false,false,false,false,false
96,6,10,0,1,true,false,false,false,false
156,8,19,0,0,true,false,true,false,false
490,12,22,160,1,true,false,false,false,false
66,1,7,0,5,true,false,false,false,false
31,2,1,0,0,false,false,false,false,false
63,5,8,0,7,false,false,false,false,false
58,3,8,0,2,true,false,false,false,false
100,6,11,0,0,true,false,true,false,false
54,5,5,0,1,true,false,false,false,false
65,2,9,0,2,true,false,false,false,false
170,21,16,0,1,true,false,true,false,false
132,18,14,0,3,true,false,false,false,false
59,1,15,0,0,false,false,false,false,false
72,4,7,21,1,false,false,false,false,false
21,9,2,0,0,false,false,false,false,false
663,38,45,7,3,true,true,true,true,false
7,5,0,0,0,false,false,false,false,false
93,7,9,0,0,false,false,false,false,false
181,7,17,0,0,false,false,false,false,false
383,8,19,0,0,false,false,false,true,false
13,0,1,0,0,true,false,false,false,false
19,2,2,0,1,true,false,false,false,false
26,4,3,0,1,true,false,false,false,false
15,0,1,0,0,false,false,false,false,false
12,0,1,0,1,true,false,false,false,false
94,5,10,0,0,false,false,false,false,false
86,1,2,0,0,false,false,false,false,false
78,6,4,0,0,false,false,true,false,false
88,7,7,0,2,false,false,false,false,false
23,3,4,0,0,false,false,false,false,false
16,0,1,0,0,false,false,false,false,false
1058,27,45,256,0,false,true,true,false,false
33,0,1,0,0,false,false,false,false,false
100,4,10,0,1,false,false,false,false,false
123,21,7,0,0,false,false,false,false,false
748,32,28,265,4,false,true,true,true,true
7,5,0,0,0,false,false,false,false,false
10,8,0,0,0,false,false,false,false,false
118,3,8,0,1,false,false,false,false,false
71,7,8,0,1,false,false,false,false,false
59,5,7,0,1,false,false,false,false,false
33,5,4,0,0,false,false,false,false,false
1075,56,46,387,10,true,true,true,true,true
9,0,2,0,2,false,false,false,false,false
30,0,1,0,1,false,false,false,false,false
22,0,4,0,4,false,false,false,false,false
52,0,3,0,3,false,false,false,false,false
29,0,2,0,2,false,false,false,false,false
93,4,9,0,9,false,false,false,false,false
37,0,2,0,1,true,false,false,false,false
92,6,4,0,4,true,false,false,false,false
23,0,1,0,1,true,false,false,false,false
68,1,3,0,0,false,false,false,false,false
34,3,8,0,2,false,false,true,false,false
393,31,21,19,0,false,false,true,false,false
19,3,4,0,0,false,false,false,false,false
401,36,16,134,3,false,false,true,false,false
37,8,2,0,0,false,false,false,false,false
97,9,12,0,0,false,false,true,false,false
97,5,10,8,7,true,false,false,false,false
8,0,1,0,0,true,false,false,false,false
171,11,17,0,3,false,false,true,false,false
46,3,6,0,0,false,false,false,false,false
69,6,8,0,0,false,false,false,false,false
84,5,12,0,10,false,false,false,false,false
57,0,4,0,0,false,false,false,false,false
115,11,19,0,9,false,false,true,false,false
65,4,8,8,4,true,false,false,false,false
8,0,1,0,0,true,false,false,false,false
153,11,24,0,18,false,false,false,false,false
20,2,3,0,0,false,false,false,false,false
151,23,7,0,0,false,false,true,false,false
105,11,10,0,3,false,false,false,false,false
78,6,14,0,9,false,false,false,false,false
136,11,9,0,0,false,false,true,false,false
83,15,6,0,0,false,false,true,false,false
98,11,11,0,0,false,false,false,false,false
174,20,10,100,0,false,false,true,false,false
100,5,8,0,1,true,false,false,false,false
476,35,34,18,14,false,false,true,true,true
18,4,2,0,0,false,false,false,false,false
154,30,14,0,0,false,false,false,false,false
58,0,3,0,0,false,false,false,false,false
47,0,8,0,0,false,false,false,false,false
26,2,1,0,0,false,false,false,false,false
83,9,3,0,2,false,false,false,false,false
105,11,6,0,2,false,false,false,false,false
715,9,16,545,0,false,true,false,false,false
10,0,1,0,1,false,false,false,false,false
104,5,10,10,1,true,false,false,false,false
10,0,1,0,1,false,false,false,false,false
43,0,8,0,3,true,false,false,false,false
31,0,6,0,2,true,false,false,false,false
71,3,11,0,3,true,false,false,false,false
33,0,6,0,3,true,false,false,false,false
33,0,6,0,3,true,false,false,false,false
220,11,14,0,3,true,false,false,false,false
174,6,15,0,3,false,false,false,false,false
17,1,2,0,1,false,false,false,false,false
11,0,1,0,0,false,false,false,false,false
29,2,2,0,1,false,false,false,false,false
114,12,4,13,1,false,false,false,false,false
13,1,4,0,3,false,false,false,false,false
54,6,4,10,1,false,false,false,false,false
5,0,1,0,1,false,false,false,false,false
5,0,1,0,1,false,false,false,false,false
59,5,7,0,2,false,false,false,false,false
60,6,4,0,2,false,false,false,false,false
351,27,11,0,7,false,false,true,false,false
18,1,1,0,0,false,false,false,false,false
12,1,1,0,0,false,false,false,false,false
15,1,2,0,1,false,false,false,false,false
103,8,9,25,1,false,false,true,false,false
10,0,1,0,1,false,false,false,false,false
10,0,1,0,1,false,false,false,false,false
5,0,1,0,1,false,false,false,false,false
12,1,1,0,0,false,false,false,false,false
9,1,1,0,0,false,false,false,false,false
203,5,38,0,0,false,false,true,false,false
35,3,4,12,0,false,false,false,false,false
12,2,1,0,0,false,false,false,false,false
169,14,31,0,0,false,false,true,false,false
18,1,3,0,3,true,false,false,false,false
26,7,1,0,0,false,false,false,false,false
23,1,3,0,0,false,false,false,false,false
31,1,3,9,2,true,false,false,false,false
9,1,2,0,0,false,false,false,false,false
31,3,3,0,2,true,false,false,false,false
2,0,0,0,0,true,false,false,false,false
5,0,1,0,1,true,false,false,false,false
4,0,1,0,1,true,false,false,false,false
4,0,1,0,1,true,false,false,false,false
57,1,4,0,3,false,false,false,false,false
45,0,3,22,0,false,false,false,false,false
22,1,2,0,0,false,false,false,false,false
85,4,4,0,1,false,false,false,false,false
8,3,0,0,0,false,false,false,false,false
33,7,1,10,0,false,false,false,false,false
10,6,1,0,0,false,false,false,false,false
20,5,1,0,1,true,false,false,false,false
187,20,11,32,0,false,false,true,false,false
32,5,6,0,5,false,false,false,false,false
79,3,6,0,0,false,false,true,false,false
197,11,14,32,0,false,false,true,false,false
32,5,6,0,5,false,false,false,false,false
8,0,2,0,0,false,false,false,false,false
44,5,5,0,1,false,false,false,false,false
211,3,9,17,4,true,false,false,false,false
17,1,1,0,1,false,false,false,false,false
589,11,53,0,9,true,true,false,true,true
203,8,13,0,2,true,false,false,false,false
89,10,7,0,2,true,false,false,false,false
87,5,6,0,1,true,false,false,false,false
28,1,2,9,1,false,false,false,false,false
9,0,3,0,0,false,false,false,false,false
94,5,7,0,0,false,false,false,false,false
73,6,6,0,1,false,false,false,false,false
14,10,1,0,0,false,false,false,false,false
16,9,1,0,0,false,false,false,false,false
60,2,21,0,20,false,false,false,false,false
28,15,2,0,0,false,false,false,false,false
161,2,12,66,1,false,false,false,false,false
57,1,6,0,3,false,false,false,false,false
9,2,1,0,0,false,false,false,false,false
33,1,5,0,0,false,false,false,false,false
166,11,9,0,0,false,false,true,false,false
112,3,7,47,0,false,false,false,false,false
13,0,1,0,1,false,false,false,false,false
18,2,3,0,1,false,false,false,false,false
16,1,3,0,2,false,false,false,false,false
39,4,7,0,0,false,false,true,false,false
66,4,12,0,0,false,false,true,false,false
91,2,3,34,0,false,false,false,false,false
34,5,6,0,0,false,false,false,false,false
135,7,7,0,0,false,false,true,false,false
23,2,6,0,0,false,false,false,false,false
12,2,2,0,0,false,false,false,false,false
29,0,3,0,0,false,false,false,false,false
31,4,5,0,3,false,false,false,false,false
43,1,3,22,0,false,false,false,false,false
22,1,2,0,0,false,false,false,false,false
14,0,3,0,0,false,false,false,false,false
134,4,11,0,0,false,false,true,false,false
33,0,2,0,0,false,false,false,false,false
10,0,3,0,0,false,false,false,false,false
47,5,3,0,1,false,false,true,false,false
18,1,2,0,1,true,false,false,false,false
55,1,8,0,1,true,false,false,false,false
51,3,6,0,0,false,false,true,false,false
2,0,0,0,0,false,false,false,false,false
52,3,10,0,0,false,false,false,false,false
83,3,11,17,3,false,false,false,false,false
17,2,4,0,1,false,false,false,false,false
202,8,19,0,5,true,false,false,true,false
19,1,2,0,0,false,false,false,false,false
24,7,3,0,1,false,false,false,false,false
183,4,24,0,5,true,false,false,true,false
95,3,12,0,5,true,false,false,false,false
70,3,7,17,0,false,false,false,false,false
17,5,2,0,0,false,false,false,false,false
121,4,24,0,5,true,false,true,false,false
29,8,3,0,1,false,false,false,false,false
36,5,3,0,0,false,false,true,false,false
235,8,21,0,4,true,false,true,true,false
70,3,12,0,0,false,false,false,false,false
50,4,5,0,3,false,false,false,false,false
33,2,5,0,3,false,false,false,false,false
8,0,2,0,1,false,false,false,false,false
5,0,1,0,1,false,false,false,false,false
2,0,0,0,0,false,false,false,false,false
8,0,2,0,1,false,false,false,false,false
5,0,1,0,1,false,false,false,false,false
3,0,1,0,0,false,false,false,false,false
8,0,1,0,0,false,false,false,false,false
5,0,1,0,1,false,false,false,false,false
774,37,36,0,3,true,true,false,false,true
45,7,5,0,0,false,false,false,false,false
28,4,4,0,0,false,false,false,false,false
477,17,17,0,0,false,false,true,false,false
71,0,1,0,0,false,false,false,false,false
93,10,8,0,0,false,false,false,false,false
154,25,34,0,0,false,false,false,false,false
304,5,17,0,15,false,false,false,true,false
156,1,9,0,7,false,false,false,true,false
168,0,11,0,6,false,false,false,true,false
186,0,13,0,9,false,false,false,true,false
48,4,7,0,0,false,false,false,false,false
57,15,8,0,0,false,false,false,false,false
276,31,55,0,0,false,false,false,true,false
50,1,7,0,6,false,false,false,false,false
112,5,12,0,8,false,false,false,false,false
20,0,3,0,3,false,false,false,false,false
28,0,3,0,3,false,false,false,false,false
31,0,3,0,3,false,false,false,false,false
58,0,6,0,6,false,false,false,false,false
60,0,5,0,5,false,false,false,false,false
9,0,1,0,1,false,false,false,false,false
347,26,20,0,11,false,false,false,true,false
83,11,6,0,0,false,false,false,false,false
57,3,7,0,0,false,false,false,false,false
107,6,16,0,0,false,false,false,false,false
141,15,15,0,8,true,false,true,false,false
115,0,1,0,0,false,false,false,false,false
83,8,14,0,0,false,false,false,false,false
130,9,13,0,0,false,false,false,false,false
40,1,2,0,0,false,false,false,false,false
172,7,16,0,8,true,false,false,false,false
47,45,0,0,0,false,false,false,false,false
48,3,3,0,3,false,false,false,false,false
565,20,35,73,9,false,true,true,true,true
73,3,13,0,6,false,false,false,false,false
17,0,1,0,0,false,false,false,false,false
863,35,62,84,24,true,true,false,true,true
84,0,4,0,4,true,false,false,false,false
96,3,5,0,2,false,false,false,false,false
255,8,21,0,0,false,false,true,true,false
155,0,1,147,0,false,false,false,false,false
2,0,0,0,0,false,false,false,false,false
2,0,0,0,0,false,false,false,false,false
9,1,2,0,0,false,false,false,false,false
2,0,0,0,0,false,false,false,false,false
2,0,0,0,0,false,false,false,false,false
2,0,0,0,0,false,false,false,false,false
9,1,2,0,0,false,false,false,false,false
24,3,5,0,0,false,false,false,false,false
14,2,3,0,0,false,false,false,false,false
19,3,4,0,0,false,false,false,false,false
2,0,0,0,0,false,false,false,false,false
9,1,2,0,0,false,false,false,false,false
30,4,7,0,0,false,false,false,false,false
19,3,4,0,0,false,false,false,false,false
2,0,0,0,0,false,false,false,false,false
57,4,7,0,5,true,false,false,false,false
134,1,11,0,5,false,false,false,false,false
58,2,8,0,3,true,false,false,false,false
357,11,24,43,6,false,false,true,true,false
43,1,6,0,3,false,false,false,false,false
28,10,1,0,0,false,false,false,false,false
171,2,19,0,0,false,false,false,false,false
1076,28,78,41,15,true,true,true,true,true
22,1,3,0,0,false,false,false,false,false
19,1,3,0,2,true,false,false,false,false
471,23,29,0,7,false,false,false,true,true
165,8,10,53,3,false,false,true,false,false
53,1,8,0,3,false,false,false,false,false
9,2,1,0,0,false,false,false,false,false
33,1,4,0,0,false,false,false,false,false
95,0,8,0,0,false,false,false,false,false
135,0,17,0,0,false,false,false,false,false
31,2,3,0,0,false,false,false,false,false
41,3,4,0,0,false,false,false,false,false
75,4,6,0,0,false,false,true,false,false
56,3,4,0,1,true,false,false,false,false
68,1,3,8,0,false,false,false,false,false
8,2,1,0,0,false,false,false,false,false
76,5,6,0,0,false,false,false,false,false
15,3,3,0,0,false,false,false,false,false
40,1,7,0,0,false,false,false,false,false
49,5,13,0,0,false,false,true,false,false
96,11,15,0,0,false,false,true,false,false
15,0,1,0,0,false,false,false,false,false
23,1,3,0,0,false,false,false,false,false
76,3,8,11,4,false,false,false,false,false
11,3,1,0,0,false,false,false,false,false
123,9,11,8,4,false,false,false,false,false
8,2,1,0,0,false,false,false,false,false
114,5,12,32,4,false,false,false,false,false
10,2,1,0,0,false,false,false,false,false
22,0,4,0,4,true,false,false,false,false
68,5,5,8,4,true,false,false,false,false
8,2,1,0,0,false,false,false,false,false
749,29,37,206,5,false,true,true,true,false
25,5,1,0,0,false,false,false,false,false
86,20,1,0,0,false,false,false,false,false
7,1,1,0,0,false,false,false,false,false
7,1,1,0,0,false,false,false,false,false
7,1,1,0,0,false,false,false,false,false
74,1,5,0,4,true,false,false,false,false
224,9,14,97,5,false,false,true,false,false
21,4,1,0,0,false,false,false,false,false
76,2,5,0,4,true,false,false,false,false
365,23,23,63,5,false,false,true,true,false
25,9,1,0,0,false,false,false,false,false
7,1,1,0,0,false,false,false,false,false
31,2,4,0,4,true,false,false,false,false
121,0,3,0,0,false,false,false,false,false
360,0,16,5,0,false,false,false,true,false
5,3,0,0,0,false,false,false,false,false
270,3,14,0,0,false,false,false,false,false
29,1,3,0,0,false,false,false,false,false
3,0,1,0,0,false,false,false,false,false
3,0,1,0,0,false,false,false,false,false
3,0,1,0,0,false,false,false,false,false
94,0,4,0,0,false,false,false,false,false
123,1,8,0,0,true,false,false,false,false
62,5,8,0,1,true,false,false,false,false
19,0,4,0,0,false,false,false,false,false
50,3,8,0,0,true,false,true,false,false
53,0,5,0,0,true,false,false,false,false
107,4,7,14,0,true,false,true,false,false
14,0,4,0,0,false,false,false,false,false
64,1,5,0,0,true,false,false,false,false
67,4,6,0,0,true,false,false,false,false
184,9,15,0,3,true,false,true,false,false
91,4,9,0,1,true,false,false,false,false
59,2,7,0,0,true,false,false,false,false
49,1,7,0,0,true,false,false,false,false
243,9,22,119,2,true,false,false,false,false
43,1,4,0,3,true,false,false,false,false
76,3,6,0,2,true,false,false,false,false
161,5,8,0,0,true,false,true,false,false
161,4,9,0,1,true,false,false,false,false
77,2,9,0,4,true,false,false,false,false
231,3,16,0,4,true,false,false,false,false
259,5,16,0,4,true,false,false,false,false
133,5,9,0,4,true,false,false,false,false
24,1,4,0,1,true,false,false,false,false
391,17,39,70,0,true,false,true,true,false
70,2,7,6,5,true,false,false,false,false
6,1,1,0,0,false,false,false,false,false
38,2,7,0,3,true,false,false,false,false
18,0,1,0,1,false,false,false,false,false
58,5,4,0,3,false,false,false,false,false
29,1,6,0,1,true,false,false,false,false
114,2,5,46,3,false,false,false,false,false
46,2,5,8,4,true,false,false,false,false
8,2,1,0,0,false,false,false,false,false
220,19,17,0,5,true,false,true,true,false
199,0,30,0,0,false,false,false,true,false
89,2,14,0,7,false,false,false,false,false
15,0,1,0,1,false,false,false,false,false
29,0,1,0,1,false,false,false,false,false
201,10,15,0,5,false,false,false,false,false
37,0,1,0,1,false,false,false,false,false
22,0,4,0,1,false,false,false,false,false
158,7,4,30,2,true,false,false,false,false
30,0,5,0,0,true,false,false,false,false
21,16,0,0,0,false,false,false,false,false
251,12,12,0,4,false,false,false,true,false
49,2,9,0,4,false,false,false,false,false
32,1,5,0,4,true,false,false,false,false
191,5,20,19,7,true,false,false,false,false
19,0,4,0,4,true,false,false,false,false
1051,58,62,44,18,true,true,true,true,true
44,0,4,0,4,false,false,false,false,false
104,5,12,0,5,true,false,false,false,false
172,4,11,0,4,true,false,false,false,false
45,3,3,0,3,false,false,false,false,false
37,1,5,0,4,true,false,false,false,false
108,18,9,0,5,true,false,false,false,false
137,5,13,0,10,true,false,false,false,false
70,2,7,0,1,true,false,false,false,false
5,0,3,0,0,false,false,false,false,false
261,13,10,0,5,false,false,false,false,false
636,16,102,5,0,false,true,true,false,true
5,0,0,0,0,false,false,false,false,false
185,7,13,45,9,true,false,false,false,false
45,0,3,0,1,true,false,false,false,false
82,5,11,0,5,true,false,false,false,false
120,11,9,0,5,true,false,false,false,false
114,5,10,38,7,true,false,false,false,false
17,1,4,0,0,true,false,false,false,false
21,0,3,0,3,true,false,false,false,false
64,4,10,9,3,false,false,false,false,false
9,2,1,0,0,false,false,false,false,false
26,1,2,0,2,false,false,false,false,false
348,36,13,0,7,false,false,false,true,false
18,0,0,16,0,false,false,false,false,false
2,0,0,0,0,false,false,false,false,false
2,0,0,0,0,false,false,false,false,false
6,1,1,0,0,false,false,false,false,false
6,1,1,0,0,false,false,false,false,false
44,4,3,0,3,false,false,false,false,false
312,40,8,0,2,false,false,false,true,false
12,0,2,0,2,false,false,false,false,false
25,1,2,0,2,false,false,false,false,false
75,5,3,0,2,true,false,false,false,false
339,5,67,0,0,false,false,false,true,false
38,1,2,16,1,false,false,false,false,false
16,2,3,0,2,false,false,false,false,false
35,2,4,0,3,false,false,false,false,false
54,4,2,0,1,true,false,false,false,false
369,16,20,0,9,true,false,false,true,false
45,2,5,0,4,false,false,false,false,false
105,8,6,0,4,true,false,false,false,false
873,42,53,0,11,true,true,true,true,true
16,4,3,0,0,false,false,false,false,false
350,19,31,79,4,false,false,false,true,false
34,8,3,0,2,false,false,false,false,false
45,2,5,0,4,true,false,false,false,false
60,0,2,16,0,false,false,false,false,false
16,2,4,0,3,false,false,false,false,false
312,9,15,66,5,false,false,false,false,false
66,0,4,0,4,true,false,false,false,false
40,5,2,0,0,false,false,false,false,false
333,1,10,0,0,false,false,false,true,false
572,12,31,174,11,true,true,false,true,false
106,3,5,0,3,true,false,false,false,false
68,0,5,0,4,false,false,false,false,false
197,7,18,0,11,false,false,false,true,false
40,0,0,38,0,false,false,false,false,false
14,2,3,0,0,false,false,false,false,false
24,4,5,0,0,false,false,false,false,false
44,4,10,0,4,false,false,false,false,false
46,3,6,0,2,true,false,false,false,false
362,15,29,0,10,true,false,true,true,false
77,3,8,0,5,true,false,false,false,false
1724,54,86,116,32,false,true,true,true,true
49,0,2,0,2,true,false,false,false,false
53,2,4,0,3,false,false,false,false,false
14,0,2,0,2,true,false,false,false,false
74,5,7,0,4,false,false,false,false,false
24,1,2,0,1,true,false,false,false,false
48,4,4,0,3,true,false,false,false,false
226,8,17,24,6,false,false,false,true,false
24,0,4,0,4,true,false,false,false,false
76,4,4,35,3,true,false,false,false,false
35,0,2,0,2,true,false,false,false,false
84,1,3,0,0,false,false,false,false,false
750,33,34,50,8,true,true,false,true,true
26,2,3,0,2,true,false,false,false,false
24,0,3,0,3,true,false,false,false,false
77,1,2,0,1,false,false,false,false,false
318,13,15,0,5,false,false,false,false,false
57,2,5,8,4,true,false,false,false,false
8,2,1,0,0,false,false,false,false,false
534,19,22,115,4,false,true,true,true,false
33,14,1,0,0,false,false,false,false,false
19,7,1,0,0,false,false,false,false,false
5,0,1,0,0,false,false,false,false,false
58,2,4,0,4,true,false,false,false,false
99,4,6,0,4,true,false,false,false,false
30,1,2,0,1,false,false,false,false,false
64,0,0,62,0,false,false,false,false,false
6,1,1,0,0,false,false,false,false,false
8,2,1,0,0,false,false,false,false,false
14,2,3,0,0,false,false,false,false,false
34,5,8,0,0,false,false,false,false,false
72,4,6,0,4,true,false,false,false,false
771,5,10,692,4,true,false,false,false,false
560,10,11,0,3,true,false,false,false,false
132,7,10,0,0,false,false,false,false,false
39,0,3,0,3,false,false,false,false,false
36,0,4,0,0,false,false,false,false,false
34,4,5,0,2,false,false,true,false,false
98,5,7,44,5,true,false,false,false,false
10,3,1,0,0,false,false,false,false,false
34,0,3,0,3,true,false,false,false,false
89,4,7,40,5,true,false,false,false,false
6,1,1,0,0,false,false,false,false,false
34,0,3,0,3,true,false,false,false,false
14,0,0,12,0,false,false,false,false,false
6,1,1,0,0,false,false,false,false,false
6,1,1,0,0,false,false,false,false,false
116,3,10,5,4,true,false,true,false,false
5,0,1,0,0,true,false,false,false,false
109,3,10,0,4,true,false,false,false,false
207,8,15,0,6,false,false,false,false,false
106,2,6,0,4,true,false,false,false,false
102,4,10,0,4,true,false,false,false,false
21,0,0,16,0,false,false,false,false,false
14,2,3,0,0,false,false,false,false,false
2,0,0,0,0,false,false,false,false,false
49,0,4,0,0,false,false,false,false,false
184,13,12,13,3,false,false,true,false,false
13,1,3,0,2,false,false,false,false,false
9,7,0,0,0,false,false,false,false,false
18,2,3,0,0,false,false,false,false,false
212,37,39,0,0,false,false,true,true,false
59,6,9,0,0,false,false,false,false,false
44,2,6,0,3,false,false,false,false,false
64,0,4,0,3,false,false,false,false,false
30,4,3,0,2,false,false,false,false,false
1053,56,80,0,19,false,true,true,true,true
103,2,6,0,0,false,false,false,false,false
235,13,28,0,11,false,false,true,false,false
155,2,8,0,0,false,false,false,false,false
396,16,30,0,9,false,false,false,true,false
249,5,16,49,1,false,false,false,true,false
49,1,2,0,1,false,false,false,false,false
4,0,2,0,0,false,false,false,false,false
130,21,5,0,1,false,false,false,false,false
210,17,23,0,12,false,false,false,true,false
48,5,3,10,2,true,false,false,false,false
10,0,2,0,1,true,false,false,false,false
71,3,5,0,0,false,false,true,false,false
55,3,3,39,0,false,false,false,false,false
39,5,5,0,1,true,false,false,false,false
66,1,4,0,0,false,false,false,false,false
167,4,6,4,0,false,false,false,false,false
4,2,0,0,0,false,false,false,false,false
23,3,3,0,0,false,false,false,false,false
218,13,9,60,0,false,false,false,false,false
60,2,5,0,1,false,false,false,false,false
18,3,3,0,0,false,false,false,false,false
118,10,9,0,4,false,false,false,false,false
62,2,5,0,2,false,false,false,false,false
43,1,3,0,1,true,false,false,false,false
148,14,12,0,3,true,false,false,false,false
107,4,3,51,2,true,false,false,false,false
41,1,5,0,1,true,false,false,false,false
10,3,1,0,0,false,false,false,false,false
319,6,10,114,4,true,false,false,false,false
95,3,7,22,4,false,false,false,false,false
22,5,2,0,1,false,false,false,false,false
19,1,2,0,1,false,false,false,false,false
453,15,29,0,8,true,false,false,true,true
517,32,23,0,9,false,true,true,true,false
429,2,12,0,0,false,false,false,true,false
424,19,29,169,4,false,false,true,true,false
17,6,1,0,0,false,false,false,false,false
82,0,5,0,4,true,false,false,false,false
28,8,2,0,0,false,false,false,false,false
42,0,5,0,0,false,false,false,false,false
76,1,8,0,0,false,false,false,false,false
60,6,8,0,5,false,false,false,false,false
527,21,31,57,10,true,true,true,true,true
16,0,2,0,1,true,false,false,false,false
8,2,1,0,0,false,false,false,false,false
6,1,1,0,0,false,false,false,false,false
27,1,4,0,3,true,false,false,false,false
469,6,34,29,8,false,false,false,true,true
29,0,1,0,1,true,false,false,false,false
315,25,16,0,7,true,false,false,true,false
353,12,33,68,14,false,false,false,true,false
48,1,4,0,4,false,false,false,false,false
20,1,1,0,1,true,false,false,false,false
105,6,18,0,13,true,false,false,false,false
420,11,35,47,14,false,false,true,true,false
47,0,2,0,2,true,false,false,false,false
147,11,9,0,3,false,false,false,false,false
161,4,8,20,2,true,false,false,false,false
20,8,1,0,0,false,false,false,false,false
289,18,29,0,11,true,false,false,true,false
101,7,12,12,5,false,false,false,false,false
12,3,1,0,0,false,false,false,false,false
74,1,9,22,4,false,false,false,false,false
22,3,3,0,0,false,false,false,false,false
49,1,2,0,1,true,false,false,false,false
97,14,15,0,2,true,false,false,false,false
172,8,11,36,5,false,false,true,false,false
36,7,1,0,0,false,false,false,false,false
194,8,18,56,0,false,false,true,false,false
56,4,6,0,0,false,false,true,false,false
138,4,16,14,6,false,false,false,false,false
14,5,1,0,0,false,false,false,false,false
277,14,23,79,13,true,false,true,true,false
79,1,2,0,2,true,false,false,false,false
15,0,1,0,1,true,false,false,false,false
478,20,41,0,11,true,false,true,true,true
15,0,1,0,1,true,false,false,false,false
64,0,0,62,0,false,false,false,false,false
9,1,2,0,0,false,false,false,false,false
2,0,0,0,0,false,false,false,false,false
8,2,1,0,0,false,false,false,false,false
6,1,1,0,0,false,false,false,false,false
8,2,1,0,0,false,false,false,false,false
9,1,2,0,0,false,false,false,false,false
6,1,1,0,0,false,false,false,false,false
6,1,1,0,0,false,false,false,false,false
8,1,2,0,0,false,false,false,false,false
243,5,16,33,5,false,false,false,true,false
33,1,7,0,4,false,false,false,false,false
7,0,2,0,0,false,false,false,false,false
15,1,1,0,0,true,false,false,false,false
63,2,7,0,0,false,false,false,false,false
83,0,5,0,0,false,false,false,false,false
408,13,18,0,0,false,false,false,true,false
123,8,10,0,1,true,false,false,false,false
32,3,5,0,3,true,false,false,false,false
294,14,22,34,4,false,false,true,true,false
10,0,2,0,2,true,false,false,false,false
24,9,1,0,0,false,false,false,false,false
88,4,8,12,3,false,false,false,false,false
12,0,2,0,2,true,false,false,false,false
107,4,10,29,4,true,false,false,false,false
29,0,2,0,2,false,false,false,false,false
180,0,0,178,0,false,false,false,false,false
6,1,1,0,0,false,false,false,false,false
13,4,1,0,0,false,false,false,false,false
9,2,1,0,0,false,false,false,false,false
7,1,1,0,0,false,false,false,false,false
7,1,1,0,0,false,false,false,false,false
7,1,1,0,0,false,false,false,false,false
7,1,1,0,0,false,false,false,false,false
7,1,1,0,0,false,false,false,false,false
7,1,1,0,0,false,false,false,false,false
7,1,1,0,0,false,false,false,false,false
7,1,1,0,0,false,false,false,false,false
7,1,1,0,0,false,false,false,false,false
7,1,1,0,0,false,false,false,false,false
7,1,1,0,0,false,false,false,false,false
7,1,1,0,0,false,false,false,false,false
7,1,1,0,0,false,false,false,false,false
7,1,1,0,0,false,false,false,false,false
7,1,1,0,0,false,false,false,false,false
7,1,1,0,0,false,false,false,false,false
7,1,1,0,0,false,false,false,false,false
7,1,1,0,0,false,false,false,false,false
6,1,1,0,0,false,false,false,false,false
6,1,1,0,0,false,false,false,false,false
6,1,1,0,0,false,false,false,false,false
6,1,1,0,0,false,false,false,false,false
112,7,8,0,0,false,false,false,false,false
7,1,1,0,0,false,false,false,false,false
76,1,2,33,0,false,false,false,false,false
33,2,3,0,2,false,false,false,false,false
172,2,15,100,12,true,false,false,false,false
100,3,11,0,10,true,false,false,false,false
217,11,8,146,4,false,false,false,false,false
26,6,1,0,0,false,false,false,false,false
57,0,5,0,4,true,false,false,false,false
29,8,2,0,0,false,false,false,false,false
34,0,4,0,0,false,false,false,false,false
80,2,16,0,12,true,false,false,false,false
183,5,12,0,6,true,false,true,false,false
9,0,2,0,0,true,false,false,false,false
95,1,4,44,0,false,false,false,false,false
44,3,3,0,2,false,false,false,false,false
212,7,13,59,5,false,false,false,false,false
27,0,6,0,5,true,false,false,false,false
10,0,1,0,0,false,false,false,false,false
22,4,2,0,0,false,false,false,false,false
100,2,16,23,12,true,false,false,false,false
23,2,2,0,1,true,false,false,false,false
176,2,16,97,12,true,false,false,false,false
97,2,11,0,10,true,false,false,false,false
404,0,22,0,4,true,false,false,true,false
249,5,13,0,0,false,false,false,true,false
98,3,8,0,3,false,false,true,false,false
53,4,4,0,4,true,false,false,false,false
252,10,30,0,6,true,false,false,true,false
714,24,33,70,15,false,true,false,false,true
8,0,2,0,2,false,false,false,false,false
62,2,7,6,5,true,false,false,false,false
6,1,1,0,0,false,false,false,false,false
291,5,23,71,14,true,false,false,true,false
71,3,2,0,1,true,false,false,false,false
634,38,14,269,6,false,true,false,false,true
112,4,11,0,10,true,false,false,false,false
104,3,11,0,10,true,false,false,false,false
53,1,3,0,2,false,false,false,false,false
144,3,15,46,12,true,false,false,false,false
46,3,5,0,4,true,false,false,false,false
430,0,24,0,0,false,false,false,true,false
55,2,8,0,5,true,false,false,false,false
180,4,20,41,13,true,false,false,true,false
41,3,2,0,1,true,false,false,false,false
41,1,6,0,4,true,false,false,false,false
166,2,18,41,12,true,false,false,false,false
12,0,2,0,2,true,false,false,false,false
29,3,2,0,1,true,false,false,false,false
24,1,5,0,1,false,false,false,false,false
233,24,16,0,6,true,false,false,false,false
586,27,22,67,10,true,true,false,true,true
67,8,4,0,0,false,false,false,false,false
163,2,15,90,12,true,false,false,false,false
90,2,11,0,10,true,false,false,false,false
140,4,13,0,8,true,false,false,false,false
222,2,16,143,12,true,false,false,false,false
143,4,11,6,10,true,false,false,false,false
6,4,0,0,0,false,false,false,false,false
87,2,9,0,5,true,false,false,false,false
243,13,11,0,7,false,false,true,true,false
54,0,2,0,1,true,false,false,false,false
154,2,18,30,12,true,false,false,false,false
30,2,2,0,1,true,false,false,false,false
24,1,5,0,1,true,false,false,false,false
14,12,0,0,0,false,false,false,false,false
82,5,12,0,4,true,false,true,false,false
147,3,9,0,0,false,false,false,false,false
46,7,10,0,0,false,false,false,false,false
20,2,3,0,0,false,false,false,false,false
52,9,11,0,0,false,false,false,false,false
59,5,9,0,0,false,false,false,false,false
296,7,16,83,0,false,false,false,false,false
16,2,4,0,0,false,false,false,false,false
30,4,8,0,0,false,false,false,false,false
23,3,6,0,0,false,false,false,false,false
14,2,3,0,0,false,false,false,false,false
82,8,16,0,0,false,false,false,false,false
82,7,15,0,0,false,false,false,false,false
62,9,11,0,0,false,false,false,false,false
18,1,4,0,0,false,false,false,false,false
62,6,10,0,0,false,false,false,false,false
55,7,9,0,0,false,false,false,false,false
14,2,3,0,0,false,false,false,false,false
10,1,2,0,0,false,false,false,false,false
67,4,9,0,0,false,false,false,false,false
47,7,9,0,0,false,false,false,false,false
79,9,12,0,0,false,false,false,false,false
44,6,12,0,0,false,false,false,false,false
29,3,5,0,0,false,false,false,false,false
19,3,4,0,0,false,false,false,false,false
2,0,0,0,0,false,false,false,false,false
64,6,10,0,0,false,false,false,false,false
79,5,12,0,0,false,false,false,false,false
89,8,16,0,0,false,false,false,false,false
54,10,11,0,0,false,false,false,false,false
110,5,11,0,0,false,false,false,false,false
32,5,7,0,0,false,false,false,false,false
27,2,4,0,0,false,false,false,false,false
64,6,10,0,0,false,false,false,false,false
50,6,10,0,0,false,false,false,false,false
35,5,7,0,0,false,false,false,false,false
44,5,7,0,0,false,false,false,false,false
86,10,16,0,0,false,false,false,false,false
68,5,8,0,0,false,false,false,false,false
5,0,1,0,0,false,false,false,false,false
24,2,2,0,1,true,false,false,false,false
430,12,14,76,4,true,false,false,true,false
76,6,3,0,2,false,false,false,false,false
145,5,15,0,9,false,false,false,false,false
124,3,11,33,6,true,false,false,false,false
33,3,7,0,6,true,false,false,false,false
25,0,3,0,0,false,false,false,false,false
611,37,35,95,9,true,true,true,true,true
95,2,9,0,0,false,false,false,false,false
190,17,16,0,12,false,false,false,false,false
276,11,15,0,8,true,false,false,true,false
42,22,3,0,0,true,false,true,false,false
78,0,15,47,4,false,false,false,false,false
47,2,7,0,5,true,false,false,false,false
384,13,24,24,5,true,false,true,true,false
24,10,1,0,0,false,false,false,false,false
185,3,20,14,8,true,false,false,true,false
14,0,2,0,1,true,false,false,false,false
283,0,26,30,0,false,false,false,true,false
30,1,3,0,2,true,false,false,false,false
187,5,15,0,9,false,false,false,false,false
97,1,4,16,1,false,false,false,false,false
16,6,1,0,0,false,false,false,false,false
423,15,37,0,24,false,false,false,true,false
366,17,22,46,15,false,false,true,true,false
46,1,5,14,3,false,false,false,false,false
14,5,1,0,0,false,false,false,false,false
277,16,21,0,10,true,false,false,true,false
118,9,8,0,6,false,false,false,false,false
45,0,0,43,0,false,false,false,false,false
14,5,1,0,0,false,false,false,false,false
13,3,2,0,0,false,false,false,false,false
8,2,1,0,0,false,false,false,false,false
8,2,1,0,0,false,false,false,false,false
73,5,6,0,4,true,false,false,false,false
172,8,12,0,4,true,false,false,false,false
14,2,2,0,1,false,false,false,false,false
1620,78,121,0,0,false,true,true,false,true
583,22,35,146,2,false,true,false,true,true
146,8,16,0,10,false,false,false,false,false
15,13,0,0,0,false,false,false,false,false
3,0,1,0,0,false,false,false,false,false
54,5,7,0,0,false,false,false,false,false
15,1,1,0,0,false,false,false,false,false
167,0,16,0,0,false,false,false,false,false
81,3,7,0,5,true,false,false,false,false
70,0,3,0,0,false,false,false,false,false
196,9,23,0,0,false,false,false,false,false
98,0,9,0,0,false,false,false,false,false
38,2,6,0,1,true,false,false,false,false
32,0,7,0,0,false,false,false,false,false
320,0,12,6,0,false,false,false,true,false
6,1,0,0,0,false,false,false,false,false
575,12,29,40,0,false,false,false,false,false
2,0,0,0,0,false,false,false,false,false
2,0,0,0,0,false,false,false,false,false
2,0,0,0,0,false,false,false,false,false
2,0,0,0,0,false,false,false,false,false
2,0,0,0,0,false,false,false,false,false
2,0,0,0,0,false,false,false,false,false
2,0,0,0,0,false,false,false,false,false
2,0,0,0,0,false,false,false,false,false
2,0,0,0,0,false,false,false,false,false
2,0,0,0,0,false,false,false,false,false
8,2,1,0,0,false,false,false,false,false
6,1,1,0,0,false,false,false,false,false
6,1,1,0,0,false,false,false,false,false
39,1,4,0,1,true,false,false,false,false
23,0,5,0,3,false,false,false,false,false
24,0,0,22,0,false,false,false,false,false
2,0,0,0,0,false,false,false,false,false
2,0,0,0,0,false,false,false,false,false
2,0,0,0,0,false,false,false,false,false
2,0,0,0,0,false,false,false,false,false
2,0,0,0,0,false,false,false,false,false
2,0,0,0,0,false,false,false,false,false
2,0,0,0,0,false,false,false,false,false
2,0,0,0,0,false,false,false,false,false
6,1,1,0,0,false,false,false,false,false
214,2,23,0,0,false,false,false,true,false
28,2,5,0,0,false,false,false,false,false
86,1,1,0,0,false,false,false,false,false
69,0,9,0,0,false,false,false,false,false
112,0,4,0,0,false,false,false,false,false
242,10,21,0,0,false,false,false,false,false
212,4,17,0,0,false,false,true,false,false
3,0,1,0,0,false,false,false,false,false
9,1,1,0,0,false,false,false,false,false
20,0,2,0,1,false,false,false,false,false
72,1,3,0,0,false,false,false,false,false
27,1,3,0,3,false,false,false,false,false
185,5,8,0,1,false,false,true,false,false
89,3,5,38,0,false,false,false,false,false
38,1,4,0,3,false,false,false,false,false
22,2,3,0,2,false,false,false,false,false
39,3,3,9,1,true,false,false,false,false
9,1,2,0,0,false,false,false,false,false
5,0,1,0,0,false,false,false,false,false
260,4,32,0,0,false,false,false,true,false
283,1,25,0,0,false,false,false,true,false
131,4,15,0,4,true,false,false,false,false
33,0,5,0,0,false,false,false,false,false
55,2,6,0,0,false,false,false,false,false
575,4,51,0,0,false,true,false,true,false
59,2,10,0,0,false,false,false,false,false
204,1,23,0,0,false,false,false,false,false
147,2,13,0,0,false,false,false,false,false
111,2,15,0,0,false,false,false,false,false
286,1,25,0,0,false,false,false,true,false
163,0,12,0,0,false,false,false,false,false
299,2,22,0,0,false,false,false,false,false
150,1,11,0,0,false,false,false,false,false
89,1,12,0,0,false,false,false,false,false
42,0,12,3,0,false,false,false,false,false
3,1,0,0,0,false,false,false,false,false
120,11,19,0,0,false,false,true,false,false
24,0,3,0,3,false,false,false,false,false
398,39,88,0,2,false,false,true,true,false
517,47,84,0,0,false,true,true,true,true
471,29,79,0,0,false,false,true,true,true
66,0,6,0,1,false,false,false,false,false
23,2,5,0,0,false,false,false,false,false
29,2,4,0,0,false,false,false,false,false
84,11,7,0,0,false,false,false,false,false
185,19,41,0,0,false,false,true,true,false
151,10,23,0,2,false,false,true,true,false
135,14,24,0,0,false,false,true,false,false
38,2,5,0,0,false,false,false,false,false
130,13,16,0,0,false,false,true,false,false
87,5,14,0,1,false,false,false,false,false
87,8,16,0,0,false,false,true,false,false
83,0,5,0,0,false,false,false,false,false
72,0,4,0,0,false,false,false,false,false
34,0,4,0,1,false,false,false,false,false
3,0,1,0,0,false,false,false,false,false
427,21,57,22,0,false,false,true,true,false
5,0,1,0,1,false,false,false,false,false
17,2,3,0,0,false,false,false,false,false
51,0,4,0,0,false,false,false,false,false
121,10,19,0,0,false,false,true,false,false
166,15,32,0,0,false,false,true,true,false
39,2,7,0,2,false,false,false,false,false
56,0,5,0,1,false,false,false,false,false
6,0,1,0,0,false,false,false,false,false
71,8,12,0,0,false,false,false,false,false
62,0,7,0,0,false,false,false,false,false
305,72,11,0,1,false,false,false,false,false
105,17,17,0,1,false,false,true,false,false
42,0,3,0,0,false,false,false,false,false
47,6,7,0,0,false,false,false,false,false
150,23,25,0,0,false,false,false,false,false
53,7,10,0,0,false,false,true,false,false
53,13,3,0,0,false,false,false,false,false
17,2,3,0,0,false,false,false,false,false
24,0,3,0,0,false,false,false,false,false
5,0,1,0,1,false,false,false,false,false
20,1,4,0,4,true,false,false,false,false
365,11,8,304,4,true,false,false,false,false
304,8,17,0,0,false,false,false,false,false
687,33,19,477,1,false,true,false,false,false
477,0,24,0,0,false,false,false,false,true
41,0,3,0,1,true,false,false,false,false
33,0,7,0,0,false,false,false,false,false
93,6,8,0,3,true,false,false,false,false
14,0,3,0,0,false,false,false,false,false
93,4,4,0,0,false,false,false,false,false
80,7,2,0,0,false,false,false,false,false
18,1,3,0,0,true,false,false,false,false
14,0,3,0,0,false,false,false,false,false
44,1,5,19,1,false,false,false,false,false
19,0,3,0,2,true,false,false,false,false
17,0,3,0,0,false,false,false,false,false
17,0,4,0,1,true,false,false,false,false
62,4,9,0,2,true,false,false,false,false
28,2,3,0,1,true,false,false,false,false
290,13,29,0,9,true,false,false,true,false
57,1,7,0,1,false,false,false,false,false
102,13,8,0,0,true,false,false,false,false
17,0,3,0,0,false,false,false,false,false
95,3,7,18,6,true,false,false,false,false
18,3,2,0,0,true,false,false,false,false
29,1,5,0,4,true,false,false,false,false
69,1,8,0,1,false,false,false,false,false
13,0,3,0,0,false,false,false,false,false
59,1,4,0,0,false,false,false,false,false
325,11,23,82,3,false,false,false,true,false
43,3,3,0,2,false,false,false,false,false
39,4,3,0,2,true,false,false,false,false
46,3,3,0,2,true,false,false,false,false
325,2,12,221,3,true,false,false,false,false
18,4,0,0,0,false,false,false,false,false
10,0,2,0,1,true,false,false,false,false
193,6,20,0,14,false,false,false,false,false
61,5,6,0,2,false,false,false,false,false
27,3,3,0,1,false,false,false,false,false
17,0,3,0,0,false,false,false,false,false
37,1,5,0,2,false,false,false,false,false
129,3,14,26,8,true,false,false,false,false
26,2,5,0,1,true,false,false,false,false
5,0,1,0,0,false,false,false,false,false
248,17,3,0,0,false,false,false,false,false
929,2,9,635,0,false,false,false,true,false
25,23,0,0,0,false,false,false,false,false
3,1,0,0,0,false,false,false,false,false
16,3,2,0,0,true,false,false,false,false
39,1,2,0,1,true,false,false,false,false
122,4,4,0,2,true,false,false,false,false
23,0,1,0,1,true,false,false,false,false
92,3,4,0,2,true,false,false,false,false
56,5,3,0,2,true,false,false,false,false
58,2,3,0,2,true,false,false,false,false
108,3,4,0,2,true,false,false,false,false
49,2,3,0,2,true,false,false,false,false
44,1,5,0,2,true,false,false,false,false
3,0,1,0,0,false,false,false,false,false
18,0,2,0,0,false,false,false,false,false
11,1,2,0,0,false,false,false,false,false
10,0,8,0,0,false,false,false,false,false
538,18,21,205,0,false,true,false,true,false
8,0,1,0,0,false,false,false,false,false
171,5,4,0,1,false,false,false,false,false
3,1,0,0,0,false,false,false,false,false
23,1,4,0,3,false,false,false,false,false
7,0,1,0,1,false,false,false,false,false
69,4,13,0,9,false,false,true,false,false
21,3,4,0,0,false,false,false,false,false
9,1,1,0,0,false,false,false,false,false
103,2,11,0,1,false,false,false,false,false
401,1,17,15,0,false,false,false,true,false
15,5,1,0,0,false,false,false,false,false
